{"cameraMode":{"drawMode":0,"name":"Shaded","section":"Shading Mode"},"sceneLighting":true,"audioPlay":false,"sceneViewState":{"showFog":true,"showMaterialUpdate":false,"showSkybox":true,"showFlares":true,"showImageEffects":true,"showParticleSystems":true},"in2DMode":false,"pivot":{"x":-39.58205795288086,"y":-20.80291175842285,"z":56.255008697509769},"rotation":{"x":-0.16342656314373017,"y":0.358660489320755,"z":-0.06393244117498398,"w":-0.9168239831924439},"size":86.72154998779297,"orthographic":false}